Title,Speciality
Junior NodeJS/ReactJS Full-Stack Developer (H/F),DWM
Full Stack Developer,DWM
Front-End Developer TN,DWM
React Developer,DWM
Software Engineer - Tunisia,AUTRE
Java Developer TN,DWM
Python Developer,BI&BD
Frontend Developer (In Portugal),DWM
Software Engineer,AUTRE
Software Developer (m/f/d),AUTRE
Java Developer (In Portugal),DWM
Javascript Developer,DWM
Developpeur JAVA,DWM
Developpeur Java JEE,DWM
Backend Engineer (Elixir),DWM
Full Stack Developer TN,DWM
Developpeur Full stack JS (Tunis)  H/F,DWM
Developpeur Java,DWM
Software development instructors,AUTRE
Confirmed ReactJS/NodeJS Developer (H/F),AUTRE
Developpeur Fullstack Node.js/Vue.js,DWM
Software Developer AI Solution,AUTRE
Python Back-End Developer TN,BI&BD
Developpeurs Full-stack Java / Javascript (F/H),DWM
Poste #19 : Developpeur DotNet /.net,DWM
.NET Developer H/F,DWM
Developpeur Backend/API  Afrique,AUTRE
Requirements Engineer,AUTRE
Poste #4 : Developpeurs Full-Stack Web (Node JS / React JS),DWM
Intermediate Java/JEE Developer (H/F),AUTRE
Data Engineer,BI&BD
Ingenieur Developpement Fullstack JS,DWM
Ingenieur informatique genie logiciel H/F,AUTRE
Embedded Software Developer (Bootloader),ES
ERP Developer,BI&BD
Machine Learning Engineer,BI&BD
Developpeur back-end/Developpeuse back-end,DWM
Developpeur JAVA/JEE Senior Full Remote (F/H) -Tunisie,DWM
Ingenieur developpement C/C++,AUTRE
Full Stack developer (.Net/React),DWM
Front-end Developer Senior,DWM
Full Stack Developer - Angular/Django,DWM
Senior Fullstack Developer NodeJs / ReactJs - Remote,DWM
Developpeur Java experimente,DWM
Data Scientist,BI&BD
Developpeur Fullstack Angular/Java,DWM
Java Software R&D Engineer,DWM
Internet Programmer,ES
Mobile Android Engineer,DWM
Developpeur .Net,DWM
Data Engineer (Microsoft Azure),BI&BD
Developpeur PL/SQL & Talend,BI&BD
Ingenieur Dev-Ops,CL
Developpeur PHP (H/F),DWM
QA Automation Engineer,ES
Poste #3 : Developpeur Full-Stack Mobile (Node JS / React Native),DWM
.NET confirmed developer,DWM
Backend Engineer  - Elixir,DWM
Senior Dotnet Developer,DWM
Developpeur Confirme React JS (H/F),DWM
"Embedded Software Developer (m/f/x) in Sfax, Tunisia",ES
Systems Engineer - Tunisia,ES
Automated Test Engineer,ES
Backend Engineer - Elixir,DWM
Developpeur C++/C# H/F,AUTRE
Cobol Programmer (In Portugal),ES
Developpeur .NET Senior,DWM
Senior Developer PHP / NodeJS - TUNIS,DWM
WordPress Developer TN,DWM
Developpeur Java Senior,DWM
DevOps Engineer H/F,CL
Developpeur .NET,DWM
Senior Data Engineer  Afrique,BI&BD
Senior Full Stack Developer TN,DWM
Linux Engineer,CL
Developpeur Senior Python,BI&BD
Poste #15 : Developpeur Full-Stack Mobile (Node JS / Flutter),DWM
QA Engineer,AUTRE
Ingenieur systeme,AUTRE
Experienced WordPress developer,DWM
Ingenieur developpement Projets F/H,AUTRE
MERN Stack Developer with Blender Experience,DWM
"Senior Data Scientist (Engineer/ Masters Computer Science, IT, Data Science, Analytics Models, 5+ experience) [2 Job Positions]",BI&BD
Ingenieur Developpement Java Senior - Tunis,DWM
SENIOR FULLSTACK DEVELOPER NEST.JS VUE.JS (H/F),DWM
Senior Android Developer - Kotlin,DWM
SAP developer,AUTRE
Golang Developer - ERP Team (Tunis),BI&BD
Senior .Net SQL Developer,BI&BD
Expert Software Engineering,AUTRE
"Developpeurs Full Stack Senior/Junior (Java/J2EE , JSF/Angular)",DWM
Junior Pricing Analytics Engineer,AUTRE
Poste #8 : Developpeur Web (WordPress/Prestashop),DWM
Security and Infrastructure Engineer,CL
Senior Embedded Software Developer,ES
Developpeur WordPress,DWM
Developpeur(s) Java / Angular Confirme / Senior,DWM
Ingenieur DevOps,CL
Ingenieur Qualification et automatisation de Tests Senior (F/H),ES
Full Stack Senior Java Jee - Angular Software Engineer,DWM
Developpeur Ruby on Rails/Scala (h/f),AUTRE
Senior Data Engineer,BI&BD
"Lead Software Engineer, Trilogy (Remote) - $100,000/year USD",AUTRE
Mobile iOS Engineer,DWM
Developpeur Drupal H/F,AUTRE
Ingenieur Devops,CL
Senior Full Stack Java Developer - Remote,DWM
Senior Frontend Developer,DWM
Ingenieur DevOps/Ingenieure DevOps,CL
Technical Lead (.Net/Java/AWS),AUTRE
Developpeur WordPress et PrestaShop,DWM
Developpeur PHP Senior (H/F),DWM
Ingenieur systeme infrastructure (Linux),CL
Java Technical Lead,DWM
"Software Developer, Senior (CA)",AUTRE
VBA Software developer,AUTRE
SENIOR ANDROID DEVELOPER,DWM
